AHR_AHR_HUMAN.H11MO.0.B	AHR
AIRE_AIRE_HUMAN.H11MO.0.C	AIRE
ALX1_ALX1_HUMAN.H11MO.0.B	ALX1
ANDR_ANDR_HUMAN.H11MO.0.A	ANDR
AP2A_AP2A_HUMAN.H11MO.0.A	AP2A
AP2B_AP2B_HUMAN.H11MO.0.B	AP2B
AP2C_AP2C_HUMAN.H11MO.0.A	AP2C
ARI5B_ARI5B_HUMAN.H11MO.0.C	ARI5B
ARNT_ARNT_HUMAN.H11MO.0.B	ARNT
ASCL1_ASCL1_HUMAN.H11MO.0.A	ASCL1
ASCL1_M08055_2.00	ASCL1
ASCL1_MA1631.1	ASCL1
ATF1_ATF1_HUMAN.H11MO.0.B	ATF1
ATF2_ATF2_HUMAN.H11MO.0.B	ATF2
ATF2_MA1632.1	ATF2
ATF3_ATF3_HUMAN.H11MO.0.A	ATF3
ATF3_M07822_2.00	ATF3
ATF3_M07823_2.00	ATF3
ATF3_M07824_2.00	ATF3
ATF3_M07825_2.00	ATF3
ATF3_M08187_2.00	ATF3
ATF3_M08188_2.00	ATF3
ATF4_ATF4_HUMAN.H11MO.0.A	ATF4
ATF4_MA0833.2	ATF4
ATF6A_ATF6A_HUMAN.H11MO.0.B	ATF6A
ATOH1_ATOH1_HUMAN.H11MO.0.B	ATOH1
BACH1_BACH1_HUMAN.H11MO.0.A	BACH1
BACH1_M08184_2.00	BACH1
BACH1_M08185_2.00	BACH1
BACH1_M08186_2.00	BACH1
BACH2_BACH2_HUMAN.H11MO.0.A	BACH2
BACH2_M08065_2.00	BACH2
BATF_BATF_HUMAN.H11MO.0.A	BATF
BATF_M07821_2.00	BATF
BATF_MA1634.1	BATF
BATF3_BATF3_HUMAN.H11MO.0.B	BATF3
BATF3_MA0835.2	BATF3
BATFJUN_MA0462.2	BATFJUN
BC11A_BC11A_HUMAN.H11MO.0.A	BC11A
BCL11A_M07926_2.00	BCL11A
BCL6_BCL6_HUMAN.H11MO.0.A	BCL6
BHA15_BHA15_HUMAN.H11MO.0.B	BHA15
BHE40_BHE40_HUMAN.H11MO.0.A	BHE40
BHLHE22_MA1635.1	BHLHE22
BHLHE40_M07798_2.00	BHLHE40
BMAL1_BMAL1_HUMAN.H11MO.0.A	BMAL1
BRAC_BRAC_HUMAN.H11MO.0.A	BRAC
CDX1_CDX1_HUMAN.H11MO.0.C	CDX1
CDX2_CDX2_HUMAN.H11MO.0.A	CDX2
CDX2_M08131_2.00	CDX2
CDX2_MA0465.2	CDX2
CEBPA_CEBPA_HUMAN.H11MO.0.A	CEBPA
CEBPA_M08076_2.00	CEBPA
CEBPA_MA0102.4	CEBPA
CEBPB_CEBPB_HUMAN.H11MO.0.A	CEBPB
CEBPB_M07830_2.00	CEBPB
CEBPB_M07831_2.00	CEBPB
CEBPB_M07832_2.00	CEBPB
CEBPD_CEBPD_HUMAN.H11MO.0.C	CEBPD
CEBPD_MA0836.2	CEBPD
CEBPE_CEBPE_HUMAN.H11MO.0.A	CEBPE
CEBPG_CEBPG_HUMAN.H11MO.0.B	CEBPG
CEBPG_MA1636.1	CEBPG
CLOCK_CLOCK_HUMAN.H11MO.0.C	CLOCK
COE1_COE1_HUMAN.H11MO.0.A	COE1
COT1_COT1_HUMAN.H11MO.0.C	COT1
COT2_COT2_HUMAN.H11MO.0.A	COT2
CREB1_CREB1_HUMAN.H11MO.0.A	CREB1
CREB1_M08066_2.00	CREB1
CREB1_MA0018.4	CREB1
CREM_CREM_HUMAN.H11MO.0.C	CREM
CREM_MA0609.2	CREM
CRX_CRX_HUMAN.H11MO.0.B	CRX
CTCF_CTCF_HUMAN.H11MO.0.A	CTCF
CTCF_M07862_2.00	CTCF
CTCF_M07863_2.00	CTCF
CTCF_M07864_2.00	CTCF
CTCF_M07865_2.00	CTCF
CTCF_M07866_2.00	CTCF
CTCF_M07867_2.00	CTCF
CTCF_M07868_2.00	CTCF
CTCF_M07869_2.00	CTCF
CTCF_M07870_2.00	CTCF
CTCF_M07871_2.00	CTCF
CTCF_M07872_2.00	CTCF
CTCF_M07873_2.00	CTCF
CTCF_M07874_2.00	CTCF
CTCF_M07875_2.00	CTCF
CTCF_M07876_2.00	CTCF
CTCF_M07877_2.00	CTCF
CTCF_M07878_2.00	CTCF
CTCF_M07879_2.00	CTCF
CTCF_M07880_2.00	CTCF
CTCF_M07881_2.00	CTCF
CTCF_M07882_2.00	CTCF
CTCF_M07883_2.00	CTCF
CTCF_M07884_2.00	CTCF
CTCF_M07885_2.00	CTCF
CTCF_M07886_2.00	CTCF
CTCF_M07887_2.00	CTCF
CTCF_M07888_2.00	CTCF
CTCF_M07889_2.00	CTCF
CTCF_M07890_2.00	CTCF
CTCF_M07891_2.00	CTCF
CTCF_M07892_2.00	CTCF
CTCF_M07893_2.00	CTCF
CTCF_M07894_2.00	CTCF
CTCF_M07895_2.00	CTCF
CTCF_M07896_2.00	CTCF
CTCF_M07897_2.00	CTCF
CTCF_M07898_2.00	CTCF
CTCF_M07899_2.00	CTCF
CTCF_M07900_2.00	CTCF
CTCF_M07901_2.00	CTCF
CTCF_M07902_2.00	CTCF
CTCF_M07903_2.00	CTCF
CTCF_M07904_2.00	CTCF
CTCF_M07905_2.00	CTCF
CTCF_M07906_2.00	CTCF
CTCF_M07907_2.00	CTCF
CTCF_M07908_2.00	CTCF
CTCF_M07909_2.00	CTCF
CTCF_M07910_2.00	CTCF
CTCF_M07911_2.00	CTCF
CTCF_M07912_2.00	CTCF
CTCF_M07913_2.00	CTCF
CTCF_M07914_2.00	CTCF
CTCF_M07915_2.00	CTCF
CTCF_M07916_2.00	CTCF
CTCF_M07917_2.00	CTCF
CTCF_M07918_2.00	CTCF
CTCF_M07919_2.00	CTCF
CTCF_M07920_2.00	CTCF
CTCF_M07921_2.00	CTCF
CTCF_M07922_2.00	CTCF
CTCF_M07923_2.00	CTCF
CTCF_M07924_2.00	CTCF
CTCF_M07925_2.00	CTCF
CTCF_M08087_2.00	CTCF
CTCF_M08238_2.00	CTCF
CTCF_M08289_2.00	CTCF
CTCF_MA0139.1	CTCF
CTCF_MA1929.1	CTCF
CTCF_MA1930.1	CTCF
CTCFL_CTCFL_HUMAN.H11MO.0.A	CTCFL
CTCFL_M07930_2.00	CTCFL
CTCFL_M08089_2.00	CTCFL
CTCFL_MA1102.2	CTCFL
CUX1_CUX1_HUMAN.H11MO.0.C	CUX1
DBP_DBP_HUMAN.H11MO.0.B	DBP
DLX3_DLX3_HUMAN.H11MO.0.C	DLX3
DUX4_DUX4_HUMAN.H11MO.0.A	DUX4
DUX4_M08135_2.00	DUX4
DUX4_MA0468.1	DUX4
E2F1_E2F1_HUMAN.H11MO.0.A	E2F1
E2F1_M07938_2.00	E2F1
E2F2_E2F2_HUMAN.H11MO.0.B	E2F2
E2F3_E2F3_HUMAN.H11MO.0.A	E2F3
E2F4_E2F4_HUMAN.H11MO.0.A	E2F4
E2F4_M07942_2.00	E2F4
E2F4_M07943_2.00	E2F4
E2F4_M08109_2.00	E2F4
E2F5_E2F5_HUMAN.H11MO.0.B	E2F5
E2F6_E2F6_HUMAN.H11MO.0.A	E2F6
E2F6_M07939_2.00	E2F6
E2F6_M07940_2.00	E2F6
E2F6_M07941_2.00	E2F6
E2F6_M08107_2.00	E2F6
E2F6_MA0471.2	E2F6
E2F7_E2F7_HUMAN.H11MO.0.B	E2F7
EBF1_MA0154.4	EBF1
EBF3_MA1637.1	EBF3
EGR1_EGR1_HUMAN.H11MO.0.A	EGR1
EGR1_M07927_2.00	EGR1
EGR1_M07928_2.00	EGR1
EGR1_M07929_2.00	EGR1
EGR1_MA0162.4	EGR1
EGR2_EGR2_HUMAN.H11MO.0.A	EGR2
EGR2_M08302_2.00	EGR2
EGR3_M08349_2.00	EGR3
EHF_EHF_HUMAN.H11MO.0.B	EHF
EHF_MA0598.3	EHF
ELF1_ELF1_HUMAN.H11MO.0.A	ELF1
ELF1_M07947_2.00	ELF1
ELF1_M07948_2.00	ELF1
ELF1_M07949_2.00	ELF1
ELF1_M08198_2.00	ELF1
ELF1_MA0473.3	ELF1
ELF2_ELF2_HUMAN.H11MO.0.C	ELF2
ELF3_ELF3_HUMAN.H11MO.0.A	ELF3
ELF3_MA0640.2	ELF3
ELF5_ELF5_HUMAN.H11MO.0.A	ELF5
ELK1_ELK1_HUMAN.H11MO.0.B	ELK1
ELK4_ELK4_HUMAN.H11MO.0.A	ELK4
ELK4_M07957_2.00	ELK4
ELK4_M07958_2.00	ELK4
ELK4_M08112_2.00	ELK4
ELK4_MA0076.2	ELK4
EPAS1_EPAS1_HUMAN.H11MO.0.B	EPAS1
ERG_ERG_HUMAN.H11MO.0.A	ERG
ERR1_ERR1_HUMAN.H11MO.0.A	ERR1
ERR2_ERR2_HUMAN.H11MO.0.A	ERR2
ERR3_ERR3_HUMAN.H11MO.0.B	ERR3
ESR1_ESR1_HUMAN.H11MO.0.A	ESR1
ESR1_M07985_2.00	ESR1
ESR1_M08217_2.00	ESR1
ESR1_M08218_2.00	ESR1
ESR2_ESR2_HUMAN.H11MO.0.A	ESR2
ESR2_M08154_2.00	ESR2
ESR2_MA0258.2	ESR2
ESRRA_M07988_2.00	ESRRA
ESRRA_M07989_2.00	ESRRA
ESRRA_MA0592.3	ESRRA
ETS1_ETS1_HUMAN.H11MO.0.A	ETS1
ETS1_M07950_2.00	ETS1
ETS1_M07951_2.00	ETS1
ETS2_ETS2_HUMAN.H11MO.0.B	ETS2
ETV1_ETV1_HUMAN.H11MO.0.A	ETV1
ETV1_MA0761.2	ETV1
ETV2_ETV2_HUMAN.H11MO.0.B	ETV2
ETV4_ETV4_HUMAN.H11MO.0.B	ETV4
ETV5_ETV5_HUMAN.H11MO.0.C	ETV5
EVI1_EVI1_HUMAN.H11MO.0.B	EVI1
EWSR1-FLI1_MA0149.1	EWSR1-FLI1
FEV_FEV_HUMAN.H11MO.0.B	FEV
FEZF1_FEZF1_HUMAN.H11MO.0.C	FEZF1
FEZF1_M08307_2.00	FEZF1
FLI1_FLI1_HUMAN.H11MO.0.A	FLI1
FLI1_M08111_2.00	FLI1
FOS_FOS_HUMAN.H11MO.0.A	FOS
FOS_M07826_2.00	FOS
FOS_M07827_2.00	FOS
FOS_M07828_2.00	FOS
FOS_M08069_2.00	FOS
FOS_MA0476.1	FOS
FOSB_FOSB_HUMAN.H11MO.0.A	FOSB
FOSL1_FOSL1_HUMAN.H11MO.0.A	FOSL1
FOSL1_M07833_2.00	FOSL1
FOSL1_M08071_2.00	FOSL1
FOSL1_MA0477.2	FOSL1
FOSL2_FOSL2_HUMAN.H11MO.0.A	FOSL2
FOSL2_M07812_2.00	FOSL2
FOSL2_M08064_2.00	FOSL2
FOSL2_MA0478.1	FOSL2
FOXA1_FOXA1_HUMAN.H11MO.0.A	FOXA1
FOXA1_M07960_2.00	FOXA1
FOXA1_M07961_2.00	FOXA1
FOXA1_M07962_2.00	FOXA1
FOXA1_M08028_2.00	FOXA1
FOXA1_M08117_2.00	FOXA1
FOXA1_M08199_2.00	FOXA1
FOXA1_MA0148.4	FOXA1
FOXA2_FOXA2_HUMAN.H11MO.0.A	FOXA2
FOXA2_M07959_2.00	FOXA2
FOXA2_MA0047.3	FOXA2
FOXA3_FOXA3_HUMAN.H11MO.0.B	FOXA3
FOXA3_MA1683.1	FOXA3
FOXC1_FOXC1_HUMAN.H11MO.0.C	FOXC1
FOXH1_FOXH1_HUMAN.H11MO.0.A	FOXH1
FOXH1_M08119_2.00	FOXH1
FOXH1_MA0479.1	FOXH1
FOXI1_FOXI1_HUMAN.H11MO.0.B	FOXI1
FOXJ2_FOXJ2_HUMAN.H11MO.0.C	FOXJ2
FOXJ3_FOXJ3_HUMAN.H11MO.0.A	FOXJ3
FOXK1_FOXK1_HUMAN.H11MO.0.A	FOXK1
FOXK1_M08120_2.00	FOXK1
FOXK1_MA0852.2	FOXK1
FOXK2_M08118_2.00	FOXK2
FOXK2_MA1103.2	FOXK2
FOXM1_FOXM1_HUMAN.H11MO.0.A	FOXM1
FOXO1_FOXO1_HUMAN.H11MO.0.A	FOXO1
FOXO3_FOXO3_HUMAN.H11MO.0.B	FOXO3
FOXO4_FOXO4_HUMAN.H11MO.0.C	FOXO4
FOXP1_FOXP1_HUMAN.H11MO.0.A	FOXP1
FOXP1_M08115_2.00	FOXP1
FOXP1_MA0481.3	FOXP1
FOXP2_FOXP2_HUMAN.H11MO.0.C	FOXP2
FOXP2_M08116_2.00	FOXP2
FOXP2_MA0593.1	FOXP2
FOXQ1_FOXQ1_HUMAN.H11MO.0.C	FOXQ1
GABPA_GABPA_HUMAN.H11MO.0.A	GABPA
GABPA_M07952_2.00	GABPA
GABPA_M07953_2.00	GABPA
GABPA_M07954_2.00	GABPA
GABPA_M07955_2.00	GABPA
GABPA_M07956_2.00	GABPA
GABPA_MA0062.3	GABPA
GATA1_GATA1_HUMAN.H11MO.0.A	GATA1
GATA1_M07963_2.00	GATA1
GATA1_M07964_2.00	GATA1
GATA1_M08202_2.00	GATA1
GATA1_M08203_2.00	GATA1
GATA1_MA0035.4	GATA1
GATA1TAL1_MA0140.2	GATA1TAL1
GATA2_GATA2_HUMAN.H11MO.0.A	GATA2
GATA2_M07966_2.00	GATA2
GATA2_M07967_2.00	GATA2
GATA2_M07968_2.00	GATA2
GATA2_M07969_2.00	GATA2
GATA2_M07970_2.00	GATA2
GATA2_M08125_2.00	GATA2
GATA2_MA0036.3	GATA2
GATA3_GATA3_HUMAN.H11MO.0.A	GATA3
GATA3_M07965_2.00	GATA3
GATA4_GATA4_HUMAN.H11MO.0.A	GATA4
GATA4_MA0482.2	GATA4
GATA6_GATA6_HUMAN.H11MO.0.A	GATA6
GATA6_M08124_2.00	GATA6
GATA6_MA1104.2	GATA6
GCR_GCR_HUMAN.H11MO.0.A	GCR
GFI1_GFI1_HUMAN.H11MO.0.C	GFI1
GFI1B_GFI1B_HUMAN.H11MO.0.A	GFI1B
GLI3_GLI3_HUMAN.H11MO.0.B	GLI3
GLI4_M08394_2.00	GLI4
GLIS1_M08345_2.00	GLIS1
GRHL2_GRHL2_HUMAN.H11MO.0.A	GRHL2
GRHL2_M08129_2.00	GRHL2
GRHL2_MA1105.2	GRHL2
GTF3A_M08301_2.00	GTF3A
HAND2_MA1638.1	HAND2
HEN1_HEN1_HUMAN.H11MO.0.C	HEN1
HIC1_HIC1_HUMAN.H11MO.0.C	HIC1
HIF1A_HIF1A_HUMAN.H11MO.0.C	HIF1A
HIF1A_M08049_2.00	HIF1A
HIF1A_MA1106.1	HIF1A
HINFP_HINFP_HUMAN.H11MO.0.C	HINFP
HKR1_M07662_2.00	HKR1
HLF_HLF_HUMAN.H11MO.0.C	HLF
HLF_MA0043.3	HLF
HNF1A_HNF1A_HUMAN.H11MO.0.C	HNF1A
HNF1B_HNF1B_HUMAN.H11MO.0.A	HNF1B
HNF4A_HNF4A_HUMAN.H11MO.0.A	HNF4A
HNF4A_M08219_2.00	HNF4A
HNF4A_M08220_2.00	HNF4A
HNF4A_MA0114.4	HNF4A
HNF4G_HNF4G_HUMAN.H11MO.0.B	HNF4G
HNF4G_M08155_2.00	HNF4G
HNF4G_MA0484.2	HNF4G
HNF6_HNF6_HUMAN.H11MO.0.B	HNF6
HOXB13_MA0901.2	HOXB13
HSF1_HSF1_HUMAN.H11MO.0.A	HSF1
HSF1_M07977_2.00	HSF1
HSF2_HSF2_HUMAN.H11MO.0.A	HSF2
HTF4_HTF4_HUMAN.H11MO.0.A	HTF4
HXA1_HXA1_HUMAN.H11MO.0.C	HXA1
HXA10_HXA10_HUMAN.H11MO.0.C	HXA10
HXA13_HXA13_HUMAN.H11MO.0.C	HXA13
HXA9_HXA9_HUMAN.H11MO.0.B	HXA9
HXB13_HXB13_HUMAN.H11MO.0.A	HXB13
HXB4_HXB4_HUMAN.H11MO.0.B	HXB4
HXB7_HXB7_HUMAN.H11MO.0.C	HXB7
HXB8_HXB8_HUMAN.H11MO.0.C	HXB8
HXC9_HXC9_HUMAN.H11MO.0.C	HXC9
IKZF1_IKZF1_HUMAN.H11MO.0.C	IKZF1
IKZF1_MA1508.1	IKZF1
IKZF3_M08320_2.00	IKZF3
INSM1_INSM1_HUMAN.H11MO.0.C	INSM1
IRF1_IRF1_HUMAN.H11MO.0.A	IRF1
IRF1_M08142_2.00	IRF1
IRF2_IRF2_HUMAN.H11MO.0.A	IRF2
IRF3_IRF3_HUMAN.H11MO.0.B	IRF3
IRF4_IRF4_HUMAN.H11MO.0.A	IRF4
IRF4_M07978_2.00	IRF4
IRF7_IRF7_HUMAN.H11MO.0.C	IRF7
IRF8_IRF8_HUMAN.H11MO.0.B	IRF8
IRF9_IRF9_HUMAN.H11MO.0.C	IRF9
ISL1_ISL1_HUMAN.H11MO.0.A	ISL1
ITF2_ITF2_HUMAN.H11MO.0.C	ITF2
JUN_JUN_HUMAN.H11MO.0.A	JUN
JUN_M07834_2.00	JUN
JUN_M07835_2.00	JUN
JUN_M07836_2.00	JUN
JUN_M07837_2.00	JUN
JUN_M07838_2.00	JUN
JUN_M08072_2.00	JUN
JUN_M08073_2.00	JUN
JUN_MA0488.1	JUN
JUNB_JUNB_HUMAN.H11MO.0.A	JUNB
JUNB_M07829_2.00	JUNB
JUNB_M08070_2.00	JUNB
JUNB_MA0490.2	JUNB
JUND_JUND_HUMAN.H11MO.0.A	JUND
JUND_M07814_2.00	JUND
JUND_M07815_2.00	JUND
JUND_M07816_2.00	JUND
JUND_M07817_2.00	JUND
JUND_M07818_2.00	JUND
JUND_M07819_2.00	JUND
JUND_M07820_2.00	JUND
JUND_M08067_2.00	JUND
JUND_M08068_2.00	JUND
JUND_MA0491.2	JUND
JUND_MA0492.1	JUND
KAISO_KAISO_HUMAN.H11MO.0.A	KAISO
KLF1_KLF1_HUMAN.H11MO.0.A	KLF1
KLF1_M08293_2.00	KLF1
KLF1_MA0493.2	KLF1
KLF10_M08246_2.00	KLF10
KLF10_M08317_2.00	KLF10
KLF10_MA1511.2	KLF10
KLF12_KLF12_HUMAN.H11MO.0.C	KLF12
KLF12_M08299_2.00	KLF12
KLF12_MA0742.2	KLF12
KLF14_M08398_2.00	KLF14
KLF14_MA0740.2	KLF14
KLF15_KLF15_HUMAN.H11MO.0.A	KLF15
KLF15_M08323_2.00	KLF15
KLF15_MA1513.1	KLF15
KLF3_KLF3_HUMAN.H11MO.0.B	KLF3
KLF4_KLF4_HUMAN.H11MO.0.A	KLF4
KLF4_M08091_2.00	KLF4
KLF4_M08243_2.00	KLF4
KLF4_MA0039.4	KLF4
KLF5_KLF5_HUMAN.H11MO.0.A	KLF5
KLF5_M08086_2.00	KLF5
KLF5_MA0599.1	KLF5
KLF6_KLF6_HUMAN.H11MO.0.A	KLF6
KLF7_M08298_2.00	KLF7
KLF7_MA1959.1	KLF7
KLF8_KLF8_HUMAN.H11MO.0.C	KLF8
KLF9_KLF9_HUMAN.H11MO.0.C	KLF9
KLF9_M08088_2.00	KLF9
KLF9_MA1107.2	KLF9
LEF1_LEF1_HUMAN.H11MO.0.A	LEF1
LHX2_LHX2_HUMAN.H11MO.0.A	LHX2
LHX2_MA0700.2	LHX2
LHX3_LHX3_HUMAN.H11MO.0.C	LHX3
LYL1_LYL1_HUMAN.H11MO.0.A	LYL1
MAF_MAF_HUMAN.H11MO.0.A	MAF
MAFNFE2_MA0501.1	MAFNFE2
MAFB_MAFB_HUMAN.H11MO.0.B	MAFB
MAFF_M07839_2.00	MAFF
MAFF_M08074_2.00	MAFF
MAFF_MA0495.3	MAFF
MAFF_MAFF_HUMAN.H11MO.0.B	MAFF
MAFG_MAFG_HUMAN.H11MO.0.A	MAFG
MAFGNFE2L1_MA0089.2	MAFGNFE2L1
MAFK_M07840_2.00	MAFK
MAFK_M07841_2.00	MAFK
MAFK_M08075_2.00	MAFK
MAFK_MA0496.3	MAFK
MAFK_MAFK_HUMAN.H11MO.0.A	MAFK
MAX_M07791_2.00	MAX
MAX_M07792_2.00	MAX
MAX_M07793_2.00	MAX
MAX_M07794_2.00	MAX
MAX_M07795_2.00	MAX
MAX_M07796_2.00	MAX
MAX_M07797_2.00	MAX
MAX_MAX_HUMAN.H11MO.0.A	MAX
MAZ_M08290_2.00	MAZ
MAZ_MA1522.1	MAZ
MAZ_MAZ_HUMAN.H11MO.0.A	MAZ
MBD2_MBD2_HUMAN.H11MO.0.B	MBD2
MECP2_MECP2_HUMAN.H11MO.0.C	MECP2
MEF2A_M07979_2.00	MEF2A
MEF2A_M08212_2.00	MEF2A
MEF2A_M08213_2.00	MEF2A
MEF2A_MA0052.4	MEF2A
MEF2A_MEF2A_HUMAN.H11MO.0.A	MEF2A
MEF2B_MEF2B_HUMAN.H11MO.0.A	MEF2B
MEF2C_M07980_2.00	MEF2C
MEF2C_M08149_2.00	MEF2C
MEF2C_MA0497.1	MEF2C
MEF2C_MEF2C_HUMAN.H11MO.0.A	MEF2C
MEF2D_MEF2D_HUMAN.H11MO.0.A	MEF2D
MEIS1_MA1639.1	MEIS1
MEIS1_MEIS1_HUMAN.H11MO.0.A	MEIS1
MEIS2_MA1640.1	MEIS2
MEIS2_MEIS2_HUMAN.H11MO.0.B	MEIS2
MITF_M08058_2.00	MITF
MITF_MA0620.3	MITF
MITF_MITF_HUMAN.H11MO.0.A	MITF
MTF1_MTF1_HUMAN.H11MO.0.C	MTF1
MXI1_M07790_2.00	MXI1
MXI1_M08051_2.00	MXI1
MXI1_M08181_2.00	MXI1
MXI1_M08182_2.00	MXI1
MXI1_MA1108.2	MXI1
MXI1_MXI1_HUMAN.H11MO.0.A	MXI1
MYB_M08150_2.00	MYB
MYB_MA0100.3	MYB
MYB_MYB_HUMAN.H11MO.0.A	MYB
MYC_M07799_2.00	MYC
MYC_M07800_2.00	MYC
MYC_M07801_2.00	MYC
MYC_M07802_2.00	MYC
MYC_M07803_2.00	MYC
MYC_M07804_2.00	MYC
MYC_M08054_2.00	MYC
MYC_MA0147.3	MYC
MYC_MYC_HUMAN.H11MO.0.A	MYC
MYCN_M08053_2.00	MYCN
MYCN_MA0104.4	MYCN
MYCN_MYCN_HUMAN.H11MO.0.A	MYCN
MYF5_MA1641.1	MYF5
MYF6_MYF6_HUMAN.H11MO.0.C	MYF6
MYNN_M08283_2.00	MYNN
MYOD1_MA0499.2	MYOD1
MYOD1_MYOD1_HUMAN.H11MO.0.A	MYOD1
MYOG_MA0500.2	MYOG
MYOG_MYOG_HUMAN.H11MO.0.B	MYOG
MZF1_M08236_2.00	MZF1
MZF1_M08286_2.00	MZF1
MZF1_MA0056.2	MZF1
MZF1_MZF1_HUMAN.H11MO.0.B	MZF1
NANOG_NANOG_HUMAN.H11MO.0.A	NANOG
NDF1_NDF1_HUMAN.H11MO.0.A	NDF1
NDF2_NDF2_HUMAN.H11MO.0.B	NDF2
NEUROD1_M08057_2.00	NEUROD1
NEUROD1_MA1109.1	NEUROD1
NEUROG2_MA1642.1	NEUROG2
NF2L1_NF2L1_HUMAN.H11MO.0.C	NF2L1
NF2L2_NF2L2_HUMAN.H11MO.0.A	NF2L2
NFAC1_NFAC1_HUMAN.H11MO.0.B	NFAC1
NFAC2_NFAC2_HUMAN.H11MO.0.B	NFAC2
NFAC3_NFAC3_HUMAN.H11MO.0.B	NFAC3
NFAC4_NFAC4_HUMAN.H11MO.0.C	NFAC4
NFE2_M07813_2.00	NFE2
NFE2_NFE2_HUMAN.H11MO.0.A	NFE2
NFIA_NFIA_HUMAN.H11MO.0.C	NFIA
NFIB_MA1643.1	NFIB
NFIC_M08164_2.00	NFIC
NFIC_MA0161.2	NFIC
NFIC_NFIC_HUMAN.H11MO.0.A	NFIC
NFIL3_MA0025.2	NFIL3
NFKB1_NFKB1_HUMAN.H11MO.1.B	NFKB1
NFKB2_NFKB2_HUMAN.H11MO.0.B	NFKB2
NFYA_M08104_2.00	NFYA
NFYA_MA0060.3	NFYA
NFYA_NFYA_HUMAN.H11MO.0.A	NFYA
NFYB_M08178_2.00	NFYB
NFYB_MA0502.2	NFYB
NFYB_NFYB_HUMAN.H11MO.0.A	NFYB
NFYC_MA1644.1	NFYC
NFYC_NFYC_HUMAN.H11MO.0.A	NFYC
NKX2-2_MA1645.1	NKX2-2
NKX2-5_MA0063.2	NKX2-5
NKX21_NKX21_HUMAN.H11MO.0.A	NKX21
NKX25_NKX25_HUMAN.H11MO.0.B	NKX25
NKX28_NKX28_HUMAN.H11MO.0.C	NKX28
NKX31_NKX31_HUMAN.H11MO.0.C	NKX31
NKX32_NKX32_HUMAN.H11MO.0.C	NKX32
NKX61_NKX61_HUMAN.H11MO.0.B	NKX61
NOBOX_NOBOX_HUMAN.H11MO.0.C	NOBOX
NR1D1_NR1D1_HUMAN.H11MO.0.B	NR1D1
NR1H3_NR1H3_HUMAN.H11MO.0.B	NR1H3
NR1H4_M08152_2.00	NR1H4
NR1H4_NR1H4_HUMAN.H11MO.0.B	NR1H4
NR1I2_NR1I2_HUMAN.H11MO.0.C	NR1I2
NR1I3_NR1I3_HUMAN.H11MO.0.C	NR1I3
NR2C1_NR2C1_HUMAN.H11MO.0.C	NR2C1
NR2C2_M07990_2.00	NR2C2
NR2C2_M07991_2.00	NR2C2
NR2C2_M07992_2.00	NR2C2
NR2C2_M08156_2.00	NR2C2
NR2C2_M08221_2.00	NR2C2
NR2C2_M08222_2.00	NR2C2
NR2C2_MA0504.1	NR2C2
NR2C2_NR2C2_HUMAN.H11MO.0.B	NR2C2
NR2E3_NR2E3_HUMAN.H11MO.0.C	NR2E3
NR2F2_M08157_2.00	NR2F2
NR2F2_M08223_2.00	NR2F2
NR2F2_M08224_2.00	NR2F2
NR2F2_MA1111.1	NR2F2
NR3C1_M07986_2.00	NR3C1
NR3C1_M07987_2.00	NR3C1
NR4A1_M08153_2.00	NR4A1
NR4A1_MA1112.2	NR4A1
NR4A1_NR4A1_HUMAN.H11MO.0.A	NR4A1
NR4A2_NR4A2_HUMAN.H11MO.0.C	NR4A2
NR5A2_NR5A2_HUMAN.H11MO.0.B	NR5A2
NR6A1_NR6A1_HUMAN.H11MO.0.B	NR6A1
NRF1_M08177_2.00	NRF1
NRF1_NRF1_HUMAN.H11MO.0.A	NRF1
OLIG2_OLIG2_HUMAN.H11MO.0.B	OLIG2
ONECUT1_MA0679.2	ONECUT1
OSR2_M08324_2.00	OSR2
OSR2_MA1646.1	OSR2
OSR2_OSR2_HUMAN.H11MO.0.C	OSR2
OTX2_MA0712.2	OTX2
OTX2_OTX2_HUMAN.H11MO.0.A	OTX2
OVOL1_OVOL1_HUMAN.H11MO.0.C	OVOL1
OZF_OZF_HUMAN.H11MO.0.C	OZF
P53_P53_HUMAN.H11MO.0.A	P53
P63_P63_HUMAN.H11MO.0.A	P63
P73_P73_HUMAN.H11MO.0.A	P73
PATZ1_M08287_2.00	PATZ1
PATZ1_MA1961.1	PATZ1
PATZ1_PATZ1_HUMAN.H11MO.0.C	PATZ1
PAX5_M07995_2.00	PAX5
PAX5_M07996_2.00	PAX5
PAX5_M07997_2.00	PAX5
PAX5_M07998_2.00	PAX5
PAX5_M08160_2.00	PAX5
PAX5_M08227_2.00	PAX5
PAX5_M08228_2.00	PAX5
PAX5_MA0014.3	PAX5
PAX5_PAX5_HUMAN.H11MO.0.A	PAX5
PAX6_PAX6_HUMAN.H11MO.0.C	PAX6
PBX1_PBX1_HUMAN.H11MO.0.A	PBX1
PBX2_M08134_2.00	PBX2
PBX2_MA1113.2	PBX2
PBX2_PBX2_HUMAN.H11MO.0.C	PBX2
PBX3_M07971_2.00	PBX3
PBX3_M08132_2.00	PBX3
PBX3_MA1114.1	PBX3
PBX3_PBX3_HUMAN.H11MO.0.A	PBX3
PDX1_PDX1_HUMAN.H11MO.0.A	PDX1
PEBB_PEBB_HUMAN.H11MO.0.C	PEBB
PHOX2B_MA0681.2	PHOX2B
PIT1_PIT1_HUMAN.H11MO.0.C	PIT1
PKNOX1_MA0782.2	PKNOX1
PKNX1_PKNX1_HUMAN.H11MO.0.B	PKNX1
PO2F1_PO2F1_HUMAN.H11MO.0.C	PO2F1
PO2F2_PO2F2_HUMAN.H11MO.0.A	PO2F2
PO3F1_PO3F1_HUMAN.H11MO.0.C	PO3F1
PO3F2_PO3F2_HUMAN.H11MO.0.A	PO3F2
PO5F1_PO5F1_HUMAN.H11MO.0.A	PO5F1
POU2F2_M07972_2.00	POU2F2
POU2F2_M07973_2.00	POU2F2
POU2F2_M07974_2.00	POU2F2
POU2F2_M07975_2.00	POU2F2
POU2F2_M08140_2.00	POU2F2
POU2F3_MA0627.2	POU2F3
POU5F1_M07976_2.00	POU5F1
POU5F1_M08141_2.00	POU5F1
POU5F1_MA1115.1	POU5F1
PPARA_PPARA_HUMAN.H11MO.0.B	PPARA
PPARG_PPARG_HUMAN.H11MO.0.A	PPARG
PRD14_PRD14_HUMAN.H11MO.0.A	PRD14
PRDM1_M07845_2.00	PRDM1
PRDM1_M08083_2.00	PRDM1
PRDM1_M08191_2.00	PRDM1
PRDM1_M08192_2.00	PRDM1
PRDM1_M08276_2.00	PRDM1
PRDM1_MA0508.3	PRDM1
PRDM1_PRDM1_HUMAN.H11MO.0.A	PRDM1
PRDM6_M08277_2.00	PRDM6
PRDM6_PRDM6_HUMAN.H11MO.0.C	PRDM6
PRDM9_M07610_2.00	PRDM9
PRDM9_MA1723.1	PRDM9
PRGR_PRGR_HUMAN.H11MO.0.A	PRGR
PRRX2_PRRX2_HUMAN.H11MO.0.C	PRRX2
PTF1A_PTF1A_HUMAN.H11MO.0.B	PTF1A
RARA_RARA_HUMAN.H11MO.0.A	RARA
RARG_RARG_HUMAN.H11MO.0.B	RARG
RBAK_M07595_2.00	RBAK
RBPJ_M08105_2.00	RBPJ
RBPJ_MA1116.1	RBPJ
REL_REL_HUMAN.H11MO.0.B	REL
RELA_M07999_2.00	RELA
RELA_M08000_2.00	RELA
RELA_M08001_2.00	RELA
RELA_M08002_2.00	RELA
RELA_M08003_2.00	RELA
RELA_M08004_2.00	RELA
RELA_M08005_2.00	RELA
RELA_M08006_2.00	RELA
RELA_M08007_2.00	RELA
RELA_M08008_2.00	RELA
RELB_M08161_2.00	RELB
RELB_MA1117.1	RELB
RELB_RELB_HUMAN.H11MO.0.C	RELB
REST_M07846_2.00	REST
REST_M07847_2.00	REST
REST_M07848_2.00	REST
REST_M07849_2.00	REST
REST_M07850_2.00	REST
REST_M07851_2.00	REST
REST_M07852_2.00	REST
REST_M07853_2.00	REST
REST_M07854_2.00	REST
REST_M08084_2.00	REST
REST_MA0138.2	REST
REST_REST_HUMAN.H11MO.0.A	REST
RFX1_MA0509.3	RFX1
RFX1_RFX1_HUMAN.H11MO.0.B	RFX1
RFX2_RFX2_HUMAN.H11MO.0.A	RFX2
RFX3_RFX3_HUMAN.H11MO.0.B	RFX3
RFX5_M08009_2.00	RFX5
RFX5_M08010_2.00	RFX5
RFX5_M08011_2.00	RFX5
RFX5_M08012_2.00	RFX5
RFX5_RFX5_HUMAN.H11MO.0.A	RFX5
RORA_RORA_HUMAN.H11MO.0.C	RORA
RORG_RORG_HUMAN.H11MO.0.C	RORG
RUNX1_RUNX1_HUMAN.H11MO.0.A	RUNX1
RUNX2_RUNX2_HUMAN.H11MO.0.A	RUNX2
RUNX3_MA0684.2	RUNX3
RUNX3_RUNX3_HUMAN.H11MO.0.A	RUNX3
RXRA_M07993_2.00	RXRA
RXRA_M07994_2.00	RXRA
RXRA_RXRA_HUMAN.H11MO.0.A	RXRA
RXRB_RXRB_HUMAN.H11MO.0.C	RXRB
RXRG_RXRG_HUMAN.H11MO.0.B	RXRG
SALL4_SALL4_HUMAN.H11MO.0.B	SALL4
SCRT1_M08397_2.00	SCRT1
SCRT1_MA0743.2	SCRT1
SCRT2_MA0744.2	SCRT2
SIX1_M08130_2.00	SIX1
SIX1_MA1118.1	SIX1
SIX1_SIX1_HUMAN.H11MO.0.A	SIX1
SIX2_M08133_2.00	SIX2
SIX2_MA1119.1	SIX2
SIX2_SIX2_HUMAN.H11MO.0.A	SIX2
SIX5_M08208_2.00	SIX5
SIX5_M08209_2.00	SIX5
SMAD2_SMAD2_HUMAN.H11MO.0.A	SMAD2
SMAD3_SMAD3_HUMAN.H11MO.0.B	SMAD3
SMAD4_SMAD4_HUMAN.H11MO.0.B	SMAD4
SMCA1_SMCA1_HUMAN.H11MO.0.C	SMCA1
SMCA5_SMCA5_HUMAN.H11MO.0.C	SMCA5
SNAI1_M08303_2.00	SNAI1
SNAI1_SNAI1_HUMAN.H11MO.0.C	SNAI1
SNAI2_MA0745.2	SNAI2
SNAI2_SNAI2_HUMAN.H11MO.0.A	SNAI2
SOX10_M08165_2.00	SOX10
SOX10_MA0442.2	SOX10
SOX10_SOX10_HUMAN.H11MO.0.B	SOX10
SOX13_M08166_2.00	SOX13
SOX13_MA1120.1	SOX13
SOX17_SOX17_HUMAN.H11MO.0.C	SOX17
SOX2_MA0143.4	SOX2
SOX2_SOX2_HUMAN.H11MO.0.A	SOX2
SOX3_SOX3_HUMAN.H11MO.0.B	SOX3
SOX4_SOX4_HUMAN.H11MO.0.B	SOX4
SOX5_SOX5_HUMAN.H11MO.0.C	SOX5
SOX9_SOX9_HUMAN.H11MO.0.B	SOX9
SP1_M08096_2.00	SP1
SP1_M08363_2.00	SP1
SP1_MA0079.5	SP1
SP1_SP1_HUMAN.H11MO.0.A	SP1
SP2_M07932_2.00	SP2
SP2_M08092_2.00	SP2
SP2_M08326_2.00	SP2
SP2_MA0516.3	SP2
SP2_SP2_HUMAN.H11MO.0.A	SP2
SP3_SP3_HUMAN.H11MO.0.B	SP3
SP4_M08296_2.00	SP4
SP4_MA0685.2	SP4
SP4_SP4_HUMAN.H11MO.0.A	SP4
SPI1_M07944_2.00	SPI1
SPI1_M07945_2.00	SPI1
SPI1_M07946_2.00	SPI1
SPI1_M08026_2.00	SPI1
SPI1_SPI1_HUMAN.H11MO.0.A	SPI1
SPIB_MA0081.2	SPIB
SPIB_SPIB_HUMAN.H11MO.0.A	SPIB
SRBP1_SRBP1_HUMAN.H11MO.0.A	SRBP1
SRBP2_SRBP2_HUMAN.H11MO.0.B	SRBP2
SREBF1_M08048_2.00	SREBF1
SREBF1_MA0595.1	SREBF1
SREBF1_MA0829.2	SREBF1
SREBF2_M08059_2.00	SREBF2
SREBF2_MA0596.1	SREBF2
SRF_M07981_2.00	SRF
SRF_M07982_2.00	SRF
SRF_M07983_2.00	SRF
SRF_M07984_2.00	SRF
SRF_SRF_HUMAN.H11MO.0.A	SRF
SRY_SRY_HUMAN.H11MO.0.B	SRY
STA5A_STA5A_HUMAN.H11MO.0.A	STA5A
STA5B_STA5B_HUMAN.H11MO.0.A	STA5B
STAT1_M08013_2.00	STAT1
STAT1_M08014_2.00	STAT1
STAT1_M08171_2.00	STAT1
STAT1_M08229_2.00	STAT1
STAT1_M08230_2.00	STAT1
STAT1_MA0137.3	STAT1
STAT1_STAT1_HUMAN.H11MO.0.A	STAT1
STAT1STAT2_MA0517.1	STAT1STAT2
STAT2_M08019_2.00	STAT2
STAT2_STAT2_HUMAN.H11MO.0.A	STAT2
STAT3_M08015_2.00	STAT3
STAT3_M08016_2.00	STAT3
STAT3_M08017_2.00	STAT3
STAT3_M08018_2.00	STAT3
STAT3_M08172_2.00	STAT3
STAT3_MA0144.2	STAT3
STAT3_STAT3_HUMAN.H11MO.0.A	STAT3
STAT4_STAT4_HUMAN.H11MO.0.A	STAT4
STAT6_STAT6_HUMAN.H11MO.0.B	STAT6
STF1_STF1_HUMAN.H11MO.0.B	STF1
SUH_SUH_HUMAN.H11MO.0.A	SUH
TAF1_TAF1_HUMAN.H11MO.0.A	TAF1
TAL1_TAL1_HUMAN.H11MO.0.A	TAL1
TBP_M08231_2.00	TBP
TBP_TBP_HUMAN.H11MO.0.A	TBP
TBX21_TBX21_HUMAN.H11MO.0.A	TBX21
TBX3_TBX3_HUMAN.H11MO.0.C	TBX3
TCF12_M07805_2.00	TCF12
TCF12_M07806_2.00	TCF12
TCF12_MA1648.1	TCF12
TCF3_MA0522.3	TCF3
TCF4_MA0830.2	TCF4
TCF7_MA0769.2	TCF7
TCF7_TCF7_HUMAN.H11MO.0.A	TCF7
TCF7L2_M08167_2.00	TCF7L2
TCF7L2_MA0523.1	TCF7L2
TEAD1_MA0090.3	TEAD1
TEAD1_TEAD1_HUMAN.H11MO.0.A	TEAD1
TEAD2_M08175_2.00	TEAD2
TEAD2_MA1121.1	TEAD2
TEAD4_MA0809.2	TEAD4
TEAD4_TEAD4_HUMAN.H11MO.0.A	TEAD4
TF65_TF65_HUMAN.H11MO.0.A	TF65
TF7L1_TF7L1_HUMAN.H11MO.0.B	TF7L1
TF7L2_TF7L2_HUMAN.H11MO.0.A	TF7L2
TFAP2A_M07784_2.00	TFAP2A
TFAP2A_MA0003.4	TFAP2A
TFAP2C_M07783_2.00	TFAP2C
TFAP2C_MA0814.2	TFAP2C
TFAP4_TFAP4_HUMAN.H11MO.0.A	TFAP4
TFDP1_M08108_2.00	TFDP1
TFDP1_MA1122.1	TFDP1
TFDP1_TFDP1_HUMAN.H11MO.0.C	TFDP1
TFE2_TFE2_HUMAN.H11MO.0.A	TFE2
TFE3_TFE3_HUMAN.H11MO.0.B	TFE3
TFEB_TFEB_HUMAN.H11MO.0.C	TFEB
TGIF1_TGIF1_HUMAN.H11MO.0.A	TGIF1
THA_THA_HUMAN.H11MO.0.C	THA
THA11_THA11_HUMAN.H11MO.0.B	THA11
THAP1_M08020_2.00	THAP1
THAP1_M08176_2.00	THAP1
THAP1_THAP1_HUMAN.H11MO.0.C	THAP1
THB_THB_HUMAN.H11MO.0.C	THB
TP73_M08035_2.00	TP73
TP73_M08036_2.00	TP73
TP73_M08037_2.00	TP73
TWIST1_M08052_2.00	TWIST1
TWIST1_MA1123.2	TWIST1
TWST1_TWST1_HUMAN.H11MO.0.A	TWST1
TYY1_TYY1_HUMAN.H11MO.0.A	TYY1
USF1_M07807_2.00	USF1
USF1_M07808_2.00	USF1
USF1_M07809_2.00	USF1
USF1_M07810_2.00	USF1
USF1_M07811_2.00	USF1
USF1_M08056_2.00	USF1
USF1_MA0093.3	USF1
USF1_USF1_HUMAN.H11MO.0.A	USF1
USF2_M07785_2.00	USF2
USF2_M07786_2.00	USF2
USF2_M07787_2.00	USF2
USF2_M07788_2.00	USF2
USF2_M07789_2.00	USF2
USF2_M08050_2.00	USF2
USF2_USF2_HUMAN.H11MO.0.A	USF2
VDR_VDR_HUMAN.H11MO.0.A	VDR
VEZF1_VEZF1_HUMAN.H11MO.0.C	VEZF1
WT1_WT1_HUMAN.H11MO.0.C	WT1
YY1_M07855_2.00	YY1
YY1_M07856_2.00	YY1
YY1_M07857_2.00	YY1
YY1_M07858_2.00	YY1
YY1_M07859_2.00	YY1
YY1_M07860_2.00	YY1
YY1_M07861_2.00	YY1
YY1_M08085_2.00	YY1
YY1_M08237_2.00	YY1
YY1_M08288_2.00	YY1
YY2_MA0748.2	YY2
Z324A_Z324A_HUMAN.H11MO.0.C	Z324A
Z354A_Z354A_HUMAN.H11MO.0.C	Z354A
ZBT14_ZBT14_HUMAN.H11MO.0.C	ZBT14
ZBT17_ZBT17_HUMAN.H11MO.0.A	ZBT17
ZBT18_ZBT18_HUMAN.H11MO.0.C	ZBT18
ZBT48_ZBT48_HUMAN.H11MO.0.C	ZBT48
ZBT7A_ZBT7A_HUMAN.H11MO.0.A	ZBT7A
ZBTB12_M08269_2.00	ZBTB12
ZBTB12_M08389_2.00	ZBTB12
ZBTB12_MA1649.1	ZBTB12
ZBTB14_M08387_2.00	ZBTB14
ZBTB14_MA1650.1	ZBTB14
ZBTB18_M08257_2.00	ZBTB18
ZBTB18_M08350_2.00	ZBTB18
ZBTB26_M08340_2.00	ZBTB26
ZBTB26_MA1579.1	ZBTB26
ZBTB33_M08094_2.00	ZBTB33
ZBTB33_MA0527.1	ZBTB33
ZBTB42_M08351_2.00	ZBTB42
ZBTB48_M08391_2.00	ZBTB48
ZBTB6_M08364_2.00	ZBTB6
ZBTB6_MA1581.1	ZBTB6
ZBTB6_ZBTB6_HUMAN.H11MO.0.C	ZBTB6
ZBTB7A_M07937_2.00	ZBTB7A
ZBTB7A_M08095_2.00	ZBTB7A
ZBTB7A_MA0750.2	ZBTB7A
ZEB1_M07842_2.00	ZEB1
ZEB1_M08080_2.00	ZEB1
ZEB1_M08190_2.00	ZEB1
ZEB1_MA0103.3	ZEB1
ZEB1_ZEB1_HUMAN.H11MO.0.A	ZEB1
ZFP1_M07670_2.00	ZFP1
ZFP14_M07592_2.00	ZFP14
ZFP14_MA1972.1	ZFP14
ZFP28_M08378_2.00	ZFP28
ZFP28_ZFP28_HUMAN.H11MO.0.C	ZFP28
ZFP3_M08258_2.00	ZFP3
ZFP3_M08355_2.00	ZFP3
ZFP42_M08348_2.00	ZFP42
ZFP42_MA1651.1	ZFP42
ZFP42_ZFP42_HUMAN.H11MO.0.A	ZFP42
ZFP57_M07756_2.00	ZFP57
ZFP57_MA1583.1	ZFP57
ZFP64_M08275_2.00	ZFP64
ZFP69_M07686_2.00	ZFP69
ZFP69B_M07685_2.00	ZFP69B
ZFP82_M08356_2.00	ZFP82
ZFP82_ZFP82_HUMAN.H11MO.0.C	ZFP82
ZFP90_M07672_2.00	ZFP90
ZFX_ZFX_HUMAN.H11MO.0.A	ZFX
ZIC1_ZIC1_HUMAN.H11MO.0.B	ZIC1
ZIC2_M08233_2.00	ZIC2
ZIC3_ZIC3_HUMAN.H11MO.0.B	ZIC3
ZIK1_M07633_2.00	ZIK1
ZIM2_M07779_2.00	ZIM2
ZIM3_M07591_2.00	ZIM3
ZIM3_M08312_2.00	ZIM3
ZIM3_MA1709.1	ZIM3
ZIM3_ZIM3_HUMAN.H11MO.0.C	ZIM3
ZKSC1_ZKSC1_HUMAN.H11MO.0.B	ZKSC1
ZKSCAN1_MA1585.1	ZKSCAN1
ZKSCAN2_M07562_2.00	ZKSCAN2
ZKSCAN3_M07696_2.00	ZKSCAN3
ZKSCAN5_M07709_2.00	ZKSCAN5
ZKSCAN5_MA1652.1	ZKSCAN5
ZN121_ZN121_HUMAN.H11MO.0.C	ZN121
ZN134_ZN134_HUMAN.H11MO.0.C	ZN134
ZN136_ZN136_HUMAN.H11MO.0.C	ZN136
ZN140_ZN140_HUMAN.H11MO.0.C	ZN140
ZN143_ZN143_HUMAN.H11MO.0.A	ZN143
ZN214_ZN214_HUMAN.H11MO.0.C	ZN214
ZN250_ZN250_HUMAN.H11MO.0.C	ZN250
ZN257_ZN257_HUMAN.H11MO.0.C	ZN257
ZN260_ZN260_HUMAN.H11MO.0.C	ZN260
ZN263_ZN263_HUMAN.H11MO.0.A	ZN263
ZN264_ZN264_HUMAN.H11MO.0.C	ZN264
ZN274_ZN274_HUMAN.H11MO.0.A	ZN274
ZN281_ZN281_HUMAN.H11MO.0.A	ZN281
ZN317_ZN317_HUMAN.H11MO.0.C	ZN317
ZN320_ZN320_HUMAN.H11MO.0.C	ZN320
ZN322_ZN322_HUMAN.H11MO.0.B	ZN322
ZN329_ZN329_HUMAN.H11MO.0.C	ZN329
ZN331_ZN331_HUMAN.H11MO.0.C	ZN331
ZN335_ZN335_HUMAN.H11MO.0.A	ZN335
ZN341_ZN341_HUMAN.H11MO.0.C	ZN341
ZN350_ZN350_HUMAN.H11MO.0.C	ZN350
ZN382_ZN382_HUMAN.H11MO.0.C	ZN382
ZN384_ZN384_HUMAN.H11MO.0.C	ZN384
ZN394_ZN394_HUMAN.H11MO.0.C	ZN394
ZN418_ZN418_HUMAN.H11MO.0.C	ZN418
ZN436_ZN436_HUMAN.H11MO.0.C	ZN436
ZN449_ZN449_HUMAN.H11MO.0.C	ZN449
ZN467_ZN467_HUMAN.H11MO.0.C	ZN467
ZN490_ZN490_HUMAN.H11MO.0.C	ZN490
ZN502_ZN502_HUMAN.H11MO.0.C	ZN502
ZN528_ZN528_HUMAN.H11MO.0.C	ZN528
ZN547_ZN547_HUMAN.H11MO.0.C	ZN547
ZN549_ZN549_HUMAN.H11MO.0.C	ZN549
ZN554_ZN554_HUMAN.H11MO.0.C	ZN554
ZN563_ZN563_HUMAN.H11MO.0.C	ZN563
ZN582_ZN582_HUMAN.H11MO.0.C	ZN582
ZN586_ZN586_HUMAN.H11MO.0.C	ZN586
ZN667_ZN667_HUMAN.H11MO.0.C	ZN667
ZN680_ZN680_HUMAN.H11MO.0.C	ZN680
ZN708_ZN708_HUMAN.H11MO.0.C	ZN708
ZN768_ZN768_HUMAN.H11MO.0.C	ZN768
ZN770_ZN770_HUMAN.H11MO.0.C	ZN770
ZN816_ZN816_HUMAN.H11MO.0.C	ZN816
ZNF10_M07774_2.00	ZNF10
ZNF100_M07715_2.00	ZNF100
ZNF101_M07663_2.00	ZNF101
ZNF114_M07650_2.00	ZNF114
ZNF12_M07611_2.00	ZNF12
ZNF121_M08384_2.00	ZNF121
ZNF124_M07702_2.00	ZNF124
ZNF132_M07588_2.00	ZNF132
ZNF133_M07580_2.00	ZNF133
ZNF134_M08392_2.00	ZNF134
ZNF135_M07647_2.00	ZNF135
ZNF135_MA1587.1	ZNF135
ZNF136_M07708_2.00	ZNF136
ZNF136_M08265_2.00	ZNF136
ZNF136_M08374_2.00	ZNF136
ZNF136_MA1588.1	ZNF136
ZNF140_M08372_2.00	ZNF140
ZNF140_MA1589.1	ZNF140
ZNF141_M07586_2.00	ZNF141
ZNF143_M07931_2.00	ZNF143
ZNF146_M08329_2.00	ZNF146
ZNF148_MA1653.1	ZNF148
ZNF154_M07656_2.00	ZNF154
ZNF157_M07596_2.00	ZNF157
ZNF16_M08251_2.00	ZNF16
ZNF16_M08336_2.00	ZNF16
ZNF16_MA1654.1	ZNF16
ZNF169_M07645_2.00	ZNF169
ZNF17_M07681_2.00	ZNF17
ZNF175_M08292_2.00	ZNF175
ZNF18_M07602_2.00	ZNF18
ZNF18_M08316_2.00	ZNF18
ZNF18_ZNF18_HUMAN.H11MO.0.C	ZNF18
ZNF180_M07614_2.00	ZNF180
ZNF181_M07730_2.00	ZNF181
ZNF182_M07597_2.00	ZNF182
ZNF184_M07571_2.00	ZNF184
ZNF184_M08285_2.00	ZNF184
ZNF189_M07589_2.00	ZNF189
ZNF189_M08244_2.00	ZNF189
ZNF189_M08311_2.00	ZNF189
ZNF189_MA1725.1	ZNF189
ZNF19_M07603_2.00	ZNF19
ZNF197_M07684_2.00	ZNF197
ZNF2_M07780_2.00	ZNF2
ZNF200_M08232_2.00	ZNF200
ZNF200_M08273_2.00	ZNF200
ZNF202_M07612_2.00	ZNF202
ZNF205_M07578_2.00	ZNF205
ZNF211_M07577_2.00	ZNF211
ZNF212_M07625_2.00	ZNF212
ZNF213_M08284_2.00	ZNF213
ZNF214_M07599_2.00	ZNF214
ZNF214_M08314_2.00	ZNF214
ZNF214_MA1975.1	ZNF214
ZNF22_M08325_2.00	ZNF22
ZNF222_M07604_2.00	ZNF222
ZNF223_M07654_2.00	ZNF223
ZNF224_M07778_2.00	ZNF224
ZNF224_M08399_2.00	ZNF224
ZNF225_M07776_2.00	ZNF225
ZNF235_M07605_2.00	ZNF235
ZNF24_M08093_2.00	ZNF24
ZNF24_MA1124.1	ZNF24
ZNF248_M07739_2.00	ZNF248
ZNF25_M07643_2.00	ZNF25
ZNF250_M08264_2.00	ZNF250
ZNF250_M08370_2.00	ZNF250
ZNF254_M07760_2.00	ZNF254
ZNF257_M07719_2.00	ZNF257
ZNF257_M08379_2.00	ZNF257
ZNF257_MA1710.1	ZNF257
ZNF26_M07743_2.00	ZNF26
ZNF260_M08395_2.00	ZNF260
ZNF263_M07563_2.00	ZNF263
ZNF263_M07843_2.00	ZNF263
ZNF263_M07844_2.00	ZNF263
ZNF263_M08082_2.00	ZNF263
ZNF263_M08272_2.00	ZNF263
ZNF263_MA0528.2	ZNF263
ZNF264_M07568_2.00	ZNF264
ZNF264_M08235_2.00	ZNF264
ZNF264_M08282_2.00	ZNF264
ZNF266_M07641_2.00	ZNF266
ZNF267_M07676_2.00	ZNF267
ZNF273_M07735_2.00	ZNF273
ZNF273_M08268_2.00	ZNF273
ZNF273_M08385_2.00	ZNF273
ZNF274_M07632_2.00	ZNF274
ZNF274_M07933_2.00	ZNF274
ZNF274_M07934_2.00	ZNF274
ZNF274_M07935_2.00	ZNF274
ZNF274_M07936_2.00	ZNF274
ZNF28_M07748_2.00	ZNF28
ZNF280A_M08332_2.00	ZNF280A
ZNF281_M08321_2.00	ZNF281
ZNF281_MA1630.2	ZNF281
ZNF282_M07626_2.00	ZNF282
ZNF283_M07619_2.00	ZNF283
ZNF284_M07679_2.00	ZNF284
ZNF285_M07777_2.00	ZNF285
ZNF287_M07590_2.00	ZNF287
ZNF3_M07613_2.00	ZNF3
ZNF30_M07621_2.00	ZNF30
ZNF30_M08330_2.00	ZNF30
ZNF300_M07594_2.00	ZNF300
ZNF302_M07570_2.00	ZNF302
ZNF304_M07587_2.00	ZNF304
ZNF311_M07734_2.00	ZNF311
ZNF317_M07584_2.00	ZNF317
ZNF317_M08242_2.00	ZNF317
ZNF317_M08308_2.00	ZNF317
ZNF317_MA1593.1	ZNF317
ZNF320_M07667_2.00	ZNF320
ZNF320_M08362_2.00	ZNF320
ZNF320_MA1976.1	ZNF320
ZNF322_M08259_2.00	ZNF322
ZNF322_M08357_2.00	ZNF322
ZNF324_M07566_2.00	ZNF324
ZNF324_M08280_2.00	ZNF324
ZNF324_MA1977.1	ZNF324
ZNF324B_M07769_2.00	ZNF324B
ZNF329_M08359_2.00	ZNF329
ZNF331_M07585_2.00	ZNF331
ZNF331_M08309_2.00	ZNF331
ZNF331_MA1726.1	ZNF331
ZNF333_M07607_2.00	ZNF333
ZNF334_M07740_2.00	ZNF334
ZNF337_M07583_2.00	ZNF337
ZNF33A_M07695_2.00	ZNF33A
ZNF33A_M08263_2.00	ZNF33A
ZNF33A_M08369_2.00	ZNF33A
ZNF33B_M07710_2.00	ZNF33B
ZNF34_M08371_2.00	ZNF34
ZNF341_M08310_2.00	ZNF341
ZNF341_MA1655.1	ZNF341
ZNF343_M07569_2.00	ZNF343
ZNF35_M08250_2.00	ZNF35
ZNF35_M08334_2.00	ZNF35
ZNF350_M08396_2.00	ZNF350
ZNF354A_M07622_2.00	ZNF354A
ZNF354A_M08331_2.00	ZNF354A
ZNF354A_MA1978.1	ZNF354A
ZNF354B_M07653_2.00	ZNF354B
ZNF37A_M08279_2.00	ZNF37A
ZNF382_M07608_2.00	ZNF382
ZNF382_M08247_2.00	ZNF382
ZNF382_M08319_2.00	ZNF382
ZNF382_MA1594.1	ZNF382
ZNF383_M07689_2.00	ZNF383
ZNF384_M08090_2.00	ZNF384
ZNF384_M08306_2.00	ZNF384
ZNF384_MA1125.1	ZNF384
ZNF394_M08318_2.00	ZNF394
ZNF398_M07716_2.00	ZNF398
ZNF41_M08245_2.00	ZNF41
ZNF41_M08313_2.00	ZNF41
ZNF41_ZNF41_HUMAN.H11MO.0.C	ZNF41
ZNF415_M08252_2.00	ZNF415
ZNF415_M08337_2.00	ZNF415
ZNF416_M08234_2.00	ZNF416
ZNF417_M07639_2.00	ZNF417
ZNF417_MA1727.1	ZNF417
ZNF418_M07712_2.00	ZNF418
ZNF418_M08376_2.00	ZNF418
ZNF418_MA1980.1	ZNF418
ZNF419_M07572_2.00	ZNF419
ZNF419_M08291_2.00	ZNF419
ZNF425_M07758_2.00	ZNF425
ZNF429_M07714_2.00	ZNF429
ZNF430_M07575_2.00	ZNF430
ZNF431_M07711_2.00	ZNF431
ZNF432_M07773_2.00	ZNF432
ZNF433_M07726_2.00	ZNF433
ZNF436_M08305_2.00	ZNF436
ZNF439_M07627_2.00	ZNF439
ZNF44_M07731_2.00	ZNF44
ZNF440_M07628_2.00	ZNF440
ZNF441_M07717_2.00	ZNF441
ZNF442_M07742_2.00	ZNF442
ZNF443_M07659_2.00	ZNF443
ZNF445_M07674_2.00	ZNF445
ZNF449_M08344_2.00	ZNF449
ZNF449_MA1656.1	ZNF449
ZNF45_M07579_2.00	ZNF45
ZNF45_M08241_2.00	ZNF45
ZNF45_M08304_2.00	ZNF45
ZNF454_M07651_2.00	ZNF454
ZNF454_M08256_2.00	ZNF454
ZNF454_M08346_2.00	ZNF454
ZNF454_MA1712.1	ZNF454
ZNF460_M07727_2.00	ZNF460
ZNF460_MA1596.1	ZNF460
ZNF467_M08260_2.00	ZNF467
ZNF467_M08358_2.00	ZNF467
ZNF468_M07754_2.00	ZNF468
ZNF479_M07673_2.00	ZNF479
ZNF480_M07745_2.00	ZNF480
ZNF483_M07638_2.00	ZNF483
ZNF484_M07581_2.00	ZNF484
ZNF485_M07741_2.00	ZNF485
ZNF486_M07775_2.00	ZNF486
ZNF487_M07782_2.00	ZNF487
ZNF490_M08366_2.00	ZNF490
ZNF492_M07765_2.00	ZNF492
ZNF496_M07609_2.00	ZNF496
ZNF502_M08375_2.00	ZNF502
ZNF506_M07565_2.00	ZNF506
ZNF513_M08322_2.00	ZNF513
ZNF519_M07642_2.00	ZNF519
ZNF519_M08255_2.00	ZNF519
ZNF524_M08339_2.00	ZNF524
ZNF525_M07752_2.00	ZNF525
ZNF527_M07694_2.00	ZNF527
ZNF528_M07617_2.00	ZNF528
ZNF528_M08249_2.00	ZNF528
ZNF528_M08328_2.00	ZNF528
ZNF528_MA1597.1	ZNF528
ZNF529_M07678_2.00	ZNF529
ZNF530_M07668_2.00	ZNF530
ZNF530_MA1981.1	ZNF530
ZNF534_M07751_2.00	ZNF534
ZNF540_M07634_2.00	ZNF540
ZNF543_M07652_2.00	ZNF543
ZNF543_M08347_2.00	ZNF543
ZNF547_M07600_2.00	ZNF547
ZNF547_M08315_2.00	ZNF547
ZNF548_M07691_2.00	ZNF548
ZNF549_M07576_2.00	ZNF549
ZNF549_M08300_2.00	ZNF549
ZNF549_MA1728.1	ZNF549
ZNF550_M07772_2.00	ZNF550
ZNF552_M07655_2.00	ZNF552
ZNF554_M08341_2.00	ZNF554
ZNF555_M07682_2.00	ZNF555
ZNF557_M07582_2.00	ZNF557
ZNF558_M07620_2.00	ZNF558
ZNF561_M07630_2.00	ZNF561
ZNF562_M07629_2.00	ZNF562
ZNF563_M08368_2.00	ZNF563
ZNF564_M07770_2.00	ZNF564
ZNF565_M07700_2.00	ZNF565
ZNF566_M07677_2.00	ZNF566
ZNF567_M07692_2.00	ZNF567
ZNF570_M07635_2.00	ZNF570
ZNF571_M07658_2.00	ZNF571
ZNF573_M07693_2.00	ZNF573
ZNF574_M08239_2.00	ZNF574
ZNF574_M08294_2.00	ZNF574
ZNF574_MA1982.1	ZNF574
ZNF582_M07564_2.00	ZNF582
ZNF582_M08274_2.00	ZNF582
ZNF584_M07631_2.00	ZNF584
ZNF585A_M07713_2.00	ZNF585A
ZNF586_M08281_2.00	ZNF586
ZNF587_M07746_2.00	ZNF587
ZNF594_M08354_2.00	ZNF594
ZNF595_M08400_2.00	ZNF595
ZNF596_M08342_2.00	ZNF596
ZNF605_M07704_2.00	ZNF605
ZNF610_M07616_2.00	ZNF610
ZNF610_M08327_2.00	ZNF610
ZNF610_MA1713.1	ZNF610
ZNF611_M07759_2.00	ZNF611
ZNF613_M07646_2.00	ZNF613
ZNF614_M07593_2.00	ZNF614
ZNF615_M07725_2.00	ZNF615
ZNF616_M07755_2.00	ZNF616
ZNF619_M07649_2.00	ZNF619
ZNF620_M07648_2.00	ZNF620
ZNF621_M07636_2.00	ZNF621
ZNF621_M08254_2.00	ZNF621
ZNF626_M07687_2.00	ZNF626
ZNF627_M07749_2.00	ZNF627
ZNF641_M07615_2.00	ZNF641
ZNF649_M07738_2.00	ZNF649
ZNF652_MA1657.1	ZNF652
ZNF653_M08248_2.00	ZNF653
ZNF662_M07666_2.00	ZNF662
ZNF667_M07737_2.00	ZNF667
ZNF667_M08386_2.00	ZNF667
ZNF667_MA1984.1	ZNF667
ZNF669_M07690_2.00	ZNF669
ZNF669_M08262_2.00	ZNF669
ZNF669_M08367_2.00	ZNF669
ZNF669_MA1985.1	ZNF669
ZNF671_M07567_2.00	ZNF671
ZNF674_M07771_2.00	ZNF674
ZNF675_M07722_2.00	ZNF675
ZNF675_M08266_2.00	ZNF675
ZNF675_M08381_2.00	ZNF675
ZNF675_MA1714.1	ZNF675
ZNF677_M08382_2.00	ZNF677
ZNF680_M07637_2.00	ZNF680
ZNF680_M08343_2.00	ZNF680
ZNF680_MA1729.1	ZNF680
ZNF681_M07698_2.00	ZNF681
ZNF682_M07718_2.00	ZNF682
ZNF682_MA1599.1	ZNF682
ZNF684_M07574_2.00	ZNF684
ZNF684_M08240_2.00	ZNF684
ZNF684_M08297_2.00	ZNF684
ZNF69_M07744_2.00	ZNF69
ZNF692_M08253_2.00	ZNF692
ZNF692_M08338_2.00	ZNF692
ZNF695_M07724_2.00	ZNF695
ZNF7_M07598_2.00	ZNF7
ZNF701_M07618_2.00	ZNF701
ZNF701_MA1987.1	ZNF701
ZNF705G_M07763_2.00	ZNF705G
ZNF707_M07661_2.00	ZNF707
ZNF707_MA1715.1	ZNF707
ZNF708_M07665_2.00	ZNF708
ZNF708_M08360_2.00	ZNF708
ZNF708_MA1730.1	ZNF708
ZNF71_M08267_2.00	ZNF71
ZNF71_M08383_2.00	ZNF71
ZNF714_M07606_2.00	ZNF714
ZNF716_M07664_2.00	ZNF716
ZNF730_M07669_2.00	ZNF730
ZNF736_M07767_2.00	ZNF736
ZNF737_M07768_2.00	ZNF737
ZNF74_M07675_2.00	ZNF74
ZNF749_M07680_2.00	ZNF749
ZNF75D_M07683_2.00	ZNF75D
ZNF75D_MA1601.2	ZNF75D
ZNF76_M08278_2.00	ZNF76
ZNF76_ZNF76_HUMAN.H11MO.0.C	ZNF76
ZNF764_M07623_2.00	ZNF764
ZNF765_M07701_2.00	ZNF765
ZNF766_M07699_2.00	ZNF766
ZNF768_M08333_2.00	ZNF768
ZNF768_MA1731.1	ZNF768
ZNF77_M07644_2.00	ZNF77
ZNF770_M08388_2.00	ZNF770
ZNF774_M08373_2.00	ZNF774
ZNF776_M07601_2.00	ZNF776
ZNF777_M07703_2.00	ZNF777
ZNF778_M07624_2.00	ZNF778
ZNF778_M08335_2.00	ZNF778
ZNF780A_M07729_2.00	ZNF780A
ZNF782_M07706_2.00	ZNF782
ZNF783_M07757_2.00	ZNF783
ZNF784_M08352_2.00	ZNF784
ZNF785_M07720_2.00	ZNF785
ZNF786_M07721_2.00	ZNF786
ZNF789_M07750_2.00	ZNF789
ZNF79_M07697_2.00	ZNF79
ZNF790_M07732_2.00	ZNF790
ZNF791_M07640_2.00	ZNF791
ZNF792_M07660_2.00	ZNF792
ZNF793_M07688_2.00	ZNF793
ZNF799_M07705_2.00	ZNF799
ZNF8_M07781_2.00	ZNF8
ZNF8_M08401_2.00	ZNF8
ZNF8_MA1718.1	ZNF8
ZNF8_ZNF8_HUMAN.H11MO.0.C	ZNF8
ZNF805_M07753_2.00	ZNF805
ZNF808_M07747_2.00	ZNF808
ZNF81_M07728_2.00	ZNF81
ZNF816_M07657_2.00	ZNF816
ZNF816_M08353_2.00	ZNF816
ZNF816_MA1719.1	ZNF816
ZNF823_M07733_2.00	ZNF823
ZNF84_M07736_2.00	ZNF84
ZNF846_M07707_2.00	ZNF846
ZNF85_M07573_2.00	ZNF85
ZNF85_M08295_2.00	ZNF85
ZNF85_MA1720.1	ZNF85
ZNF85_ZNF85_HUMAN.H11MO.0.C	ZNF85
ZNF860_M07723_2.00	ZNF860
ZNF879_M07766_2.00	ZNF879
ZNF880_M07764_2.00	ZNF880
ZNF891_M07762_2.00	ZNF891
ZNF90_M07761_2.00	ZNF90
ZNF93_M07671_2.00	ZNF93
ZNF93_MA1721.1	ZNF93
ZNF98_M08380_2.00	ZNF98
ZSC22_ZSC22_HUMAN.H11MO.0.C	ZSC22
ZSC31_ZSC31_HUMAN.H11MO.0.C	ZSC31
ZSCAN16_M08377_2.00	ZSCAN16
ZSCAN22_M08261_2.00	ZSCAN22
ZSCAN22_M08361_2.00	ZSCAN22
ZSCAN29_M08271_2.00	ZSCAN29
ZSCAN29_MA1602.1	ZSCAN29
ZSCAN30_M08365_2.00	ZSCAN30
ZSCAN31_M08270_2.00	ZSCAN31
ZSCAN31_M08393_2.00	ZSCAN31
ZSCAN5C_M08390_2.00	ZSCAN5C
